{
  "Nq_effective": 1600,
  "R_at_1": 0.03,
  "R_at_3": 0.09125,
  "R_at_5": 0.1725,
  "R_at_10": 0.35,
  "R_at_20": 0.530625,
  "R_at_50": 0.768125,
  "MRR": 0.11848792321919023,
  "Contain_at_50": 0.768125,
  "mode": "eval->eval same-article",
  "topK": 50
}