{
  "Nq_effective": 1600,
  "R_at_1": 0.03,
  "R_at_3": 0.0975,
  "R_at_5": 0.184375,
  "R_at_10": 0.35,
  "R_at_20": 0.541875,
  "R_at_50": 0.76625,
  "MRR": 0.11812055874399881,
  "Contain_at_50": 0.76625,
  "mode": "eval->eval same-article",
  "topK": 50,
  "epoch": 5,
  "config": "K=5 same-article + near-miss"
}