{
  "config": {
    "K0_dense": 1000,
    "K0_lvm": 1000,
    "K0_fused": 1000,
    "K1": 50,
    "K_final": 10,
    "RRF_K": 60,
    "nprobe": 16,
    "use_lvm_rerank": true,
    "use_tmd_rerank": false
  },
  "stages": {
    "stage1_dense": {
      "recall@1": 0.0,
      "recall@5": 4.545454545454546,
      "recall@10": 7.792207792207792,
      "recall@100": 24.025974025974026,
      "recall@500": 34.41558441558442,
      "recall@1000": 37.66233766233766
    },
    "stage1_lvm": {
      "recall@1": 0.0,
      "recall@5": 0.6493506493506493,
      "recall@10": 0.6493506493506493,
      "recall@100": 5.194805194805195,
      "recall@500": 7.792207792207792,
      "recall@1000": 9.090909090909092
    },
    "stage2_fused": {
      "recall@1": 0.6493506493506493,
      "recall@5": 4.545454545454546,
      "recall@10": 7.792207792207792,
      "recall@100": 21.428571428571427,
      "recall@500": 32.467532467532465,
      "recall@1000": 38.311688311688314
    },
    "stage3_lvm_rerank": {
      "hit@1": 0.0,
      "hit@5": 0.6493506493506493,
      "hit@10": 0.6493506493506493
    },
    "stage4_tmd": {
      "hit@1": 0.0,
      "hit@5": 0.6493506493506493,
      "hit@10": 0.6493506493506493
    }
  },
  "latency": {
    "dense_retrieval": {
      "p50": 1.489400863647461,
      "p95": 1.8054008483886717,
      "p99": 2.259075641632079
    },
    "lvm_retrieval": {
      "p50": 305.7016134262085,
      "p95": 312.6083970069885,
      "p99": 319.06490564346313
    },
    "rrf_fusion": {
      "p50": 0.3371238708496094,
      "p95": 0.39381980895996094,
      "p99": 0.44273853302001953
    },
    "lvm_rerank": {
      "p50": 305.1340579986572,
      "p95": 312.2257471084595,
      "p99": 315.0519800186157
    },
    "tmd_rerank": {
      "p50": 0.0,
      "p95": 0.0,
      "p99": 0.0
    },
    "total": {
      "p50": 613.6170625686646,
      "p95": 622.968602180481,
      "p99": 631.310019493103
    }
  }
}