{
  "Last vector (baseline)": {
    "recall@1": 0.0,
    "recall@5": 4.545454545454546,
    "recall@10": 7.792207792207792,
    "recall@100": 24.675324675324674,
    "recall@500": 35.714285714285715,
    "recall@1000": 38.961038961038966
  },
  "Mean of all context": {
    "recall@1": 0.0,
    "recall@5": 0.0,
    "recall@10": 0.0,
    "recall@100": 0.0,
    "recall@500": 1.2987012987012987,
    "recall@1000": 1.2987012987012987
  },
  "Mean of last 100": {
    "recall@1": 0.0,
    "recall@5": 1.948051948051948,
    "recall@10": 2.5974025974025974,
    "recall@100": 11.688311688311687,
    "recall@500": 16.233766233766232,
    "recall@1000": 20.12987012987013
  },
  "Mean of last 200": {
    "recall@1": 0.0,
    "recall@5": 0.0,
    "recall@10": 0.0,
    "recall@100": 3.2467532467532463,
    "recall@500": 7.792207792207792,
    "recall@1000": 9.090909090909092
  },
  "Exp weighted (\u03b1=0.1)": {
    "recall@1": 1.2987012987012987,
    "recall@5": 7.792207792207792,
    "recall@10": 11.03896103896104,
    "recall@100": 27.92207792207792,
    "recall@500": 38.961038961038966,
    "recall@1000": 44.15584415584416
  },
  "Exp weighted (\u03b1=0.05)": {
    "recall@1": 0.6493506493506493,
    "recall@5": 4.545454545454546,
    "recall@10": 7.792207792207792,
    "recall@100": 22.07792207792208,
    "recall@500": 31.16883116883117,
    "recall@1000": 35.064935064935064
  }
}