{
  "eval_total": 7140,
  "eval_unique": 7140,
  "payload_total": 584545,
  "payload_unique": 559355,
  "missing": 1896,
  "coverage": 0.7344537815126051,
  "missing_examples": [
    [
      0,
      5
    ],
    [
      0,
      6
    ],
    [
      0,
      7
    ],
    [
      0,
      8
    ],
    [
      0,
      9
    ],
    [
      0,
      10
    ],
    [
      0,
      11
    ],
    [
      0,
      12
    ],
    [
      0,
      13
    ],
    [
      0,
      14
    ],
    [
      0,
      15
    ],
    [
      0,
      16
    ],
    [
      0,
      17
    ],
    [
      0,
      18
    ],
    [
      0,
      19
    ],
    [
      0,
      20
    ],
    [
      0,
      21
    ],
    [
      0,
      22
    ],
    [
      0,
      23
    ],
    [
      0,
      24
    ]
  ],
  "offset_plus_one_coverage": 0.9068627450980392,
  "eval_article_range": [
    0,
    71
  ],
  "payload_article_range": [
    1,
    8470
  ],
  "eval_chunk_range": [
    0,
    99
  ],
  "payload_chunk_range": [
    0,
    1106
  ]
}