{
  "analysis_date": "2025-10-30T16:57:08.290291",
  "baseline": {
    "name": "Baseline (584k)",
    "total_vectors": 543773,
    "total_pairs": 543772,
    "mean_cosine": 0.4841974079608917,
    "std_cosine": 0.2102048397064209,
    "percentiles": {
      "p10": 0.24853584170341492,
      "p25": 0.3370092809200287,
      "p50": 0.4498555064201355,
      "p75": 0.5829774737358093,
      "p90": 0.8146791458129883
    },
    "low_coherence_ratio": 0.17909344357561624,
    "distribution": {
      "bins": [
        -0.2,
        -0.1,
        0.0,
        0.1,
        0.2,
        0.30000000000000004,
        0.4,
        0.5,
        0.6000000000000001,
        0.7000000000000001,
        0.8,
        0.9,
        1.0
      ],
      "counts": [
        0,
        38,
        2841,
        23738,
        70769,
        112606,
        120309,
        89503,
        46663,
        20630,
        16920,
        28785
      ]
    }
  },
  "current": {
    "name": "Current (790k)",
    "total_vectors": 726014,
    "total_pairs": 726013,
    "mean_cosine": 0.33674174547195435,
    "std_cosine": 0.1594412475824356,
    "percentiles": {
      "p10": 0.1419348567724228,
      "p25": 0.21600419282913208,
      "p50": 0.3220844268798828,
      "p75": 0.4396945834159851,
      "p90": 0.5469658970832825
    },
    "low_coherence_ratio": 0.44784184305239716,
    "distribution": {
      "bins": [
        -0.2,
        -0.1,
        0.0,
        0.1,
        0.2,
        0.30000000000000004,
        0.4,
        0.5,
        0.6000000000000001,
        0.7000000000000001,
        0.8,
        0.9,
        1.0
      ],
      "counts": [
        0,
        435,
        29677,
        125697,
        169330,
        163636,
        125326,
        69769,
        27620,
        8285,
        3524,
        2704
      ]
    }
  },
  "comparison": {
    "baseline_mean": 0.4841974079608917,
    "current_mean": 0.33674174547195435,
    "drift": -0.14745566248893738,
    "drift_pct": -30.453624919208007,
    "baseline_low_coherence": 0.17909344357561624,
    "current_low_coherence": 0.44784184305239716,
    "delta_low_coherence": 0.2687483994767809,
    "verdict": "significant_degradation"
  }
}