{
  "checkpoint": "artifacts/lvm/models/mamba_s_pure_infonce/best.pt",
  "epoch": 1,
  "val_cosine": 0.3620849847793579,
  "n_samples": 2048,
  "positive_cosines": {
    "mean": 0.36699268221855164,
    "std": 0.10185594856739044,
    "min": 0.01843108795583248,
    "max": 0.6518154740333557,
    "p50": 0.3751220107078552
  },
  "negative_cosines": {
    "mean": 0.0005893344059586525,
    "std": 0.08106089383363724,
    "min": -0.2672311067581177,
    "max": 0.4869607090950012,
    "p50": -0.008008213713765144
  },
  "separation": {
    "delta": 0.366403347812593,
    "auc": 0.9975588650964415
  }
}