{
  "N": 10000,
  "R@1": 0.0,
  "R@5": 0.0,
  "R@10": 0.0,
  "MRR@10": 0.0,
  "p50_ms": 1.6137504999997887,
  "p95_ms": 3.9487999999993297,
  "Contain@20": 0.0,
  "Contain@50": 0.0,
  "macro": {
    "R@1": 0.0,
    "R@5": 0.0,
    "R@10": 0.0,
    "MRR@10": 0.0,
    "pairs": 5084
  }
}