{
  "scenario": "single_tr",
  "N": 7140,
  "R@1": 0.7777310924369748,
  "R@5": 0.9735294117647059,
  "R@10": 0.9742296918767507,
  "R@20": 0.9742296918767507,
  "MRR@10": 0.8647840802987823,
  "p50_ms": 1.7379379272460938,
  "p95_ms": 4.0536580085754395
}