{
  "scenario": "ensemble_union_tr2",
  "N": 7140,
  "R@1": 0.6103641456582634,
  "R@5": 0.9673669467787115,
  "R@10": 0.9745098039215686,
  "R@20": 0.9745098039215686,
  "MRR@10": 0.7572395624916595,
  "p50_ms": 3.773728847503662,
  "p95_ms": 6.363384246826172
}