{
  "N": 1000,
  "R@1": 0.013,
  "R@5": 0.55,
  "R@10": 0.573,
  "MRR@10": 0.20169087301587324,
  "p50_ms": 1.270853499590885,
  "p95_ms": 1.419666054425761,
  "Contain@20": 0.595,
  "Contain@50": 0.732
}