{
  "scenario": "ensemble_avg_tr2",
  "N": 7140,
  "R@1": 0.77703081232493,
  "R@5": 0.972829131652661,
  "R@10": 0.9733893557422969,
  "R@20": 0.9733893557422969,
  "MRR@10": 0.8639929305055316,
  "p50_ms": 1.7409374713897705,
  "p95_ms": 4.054463863372803
}