{
  "N": 200,
  "R@1": 0.01,
  "R@5": 0.425,
  "R@10": 0.52,
  "MRR@10": 0.17448809523809522,
  "p50_ms": 0.5423120019258931,
  "p95_ms": 0.6203520933922846
}