{
  "N": 10000,
  "R@1": 0.0109,
  "R@5": 0.5025,
  "R@10": 0.5464,
  "MRR@10": 0.18627063492063056,
  "p50_ms": 1.1816455007647164,
  "p95_ms": 1.3291271068737842,
  "Contain@20": 0.6204,
  "Contain@50": 0.7341,
  "shard_gated_pct": 1.0,
  "shard_hit_rate": 0.7341
}