{
  "scenario": "baseline_direct",
  "N": 10000,
  "R@1": 0.0128,
  "R@5": 0.4468,
  "R@10": 0.4853,
  "R@20": 0.4853,
  "MRR@10": 0.1718655952380924,
  "p50_ms": 0.7778124809265137,
  "p95_ms": 0.8843770623207092
}