{
  "scenario": "baseline_direct",
  "N": 10000,
  "R@1": 0.0058,
  "R@5": 0.4369,
  "R@10": 0.4853,
  "R@20": 0.4853,
  "MRR@10": 0.1594891666666649,
  "p50_ms": 0.8532710075378418,
  "p95_ms": 0.9553340077400208
}