{
  "N": 10000,
  "R@1": 0.0125,
  "R@5": 0.3938,
  "R@10": 0.4918,
  "MRR@10": 0.16037873015872803,
  "p50_ms": 0.5207499925745651,
  "p95_ms": 0.6035461577994282
}