{
  "N": 1000,
  "R@1": 0.01,
  "R@5": 0.427,
  "R@10": 0.44,
  "MRR@10": 0.15767857142857136,
  "p50_ms": 1.100395995308645,
  "p95_ms": 1.2303003073611762,
  "Contain@20": 0.581,
  "Contain@50": 0.672,
  "K_mean": 11.305,
  "K_p50": 10.0,
  "K_p95": 16.0,
  "conf_mean": 0.7224219446778297
}