{
  "scenario": "baseline_direct",
  "N": 10000,
  "R@1": 0.0128,
  "R@5": 0.485,
  "R@10": 0.5713,
  "R@20": 0.6021,
  "MRR@10": 0.19086566879852135,
  "p50_ms": 0.7107499837875366,
  "p95_ms": 0.849087119102478
}