{
  "N": 1000,
  "R@1": 0.013,
  "R@5": 0.437,
  "R@10": 0.535,
  "MRR@10": 0.17879126984126997,
  "p50_ms": 0.5123959999764338,
  "p95_ms": 0.5938208094448781,
  "Contain@20": 0.553,
  "Contain@50": 0.632
}