{
  "scenario": "single_tr",
  "N": 10000,
  "R@1": 0.0032,
  "R@5": 0.3496,
  "R@10": 0.3902,
  "R@20": 0.3902,
  "MRR@10": 0.12308384920634999,
  "p50_ms": 0.8236460089683533,
  "p95_ms": 0.9490871429443359
}