{
  "scenario": "ensemble_avg_tr2",
  "N": 10000,
  "R@1": 0.0032,
  "R@5": 0.3453,
  "R@10": 0.3861,
  "R@20": 0.3861,
  "MRR@10": 0.12179500000000078,
  "p50_ms": 0.8264170289039612,
  "p95_ms": 0.9435061812400818
}