{
  "N": 1000,
  "R@1": 0.01,
  "R@5": 0.427,
  "R@10": 0.44,
  "MRR@10": 0.15767857142857136,
  "p50_ms": 1.1047919979318976,
  "p95_ms": 2.0257708500139415,
  "Contain@20": 0.581,
  "Contain@50": 0.672,
  "K_mean": 50.462,
  "K_p50": 50.0,
  "K_p95": 61.049999999999955,
  "conf_mean": 0.7224219446778297
}