{
  "scenario": "baseline_direct",
  "N": 7140,
  "R@1": 0.7858543417366947,
  "R@5": 0.9756302521008403,
  "R@10": 0.9763305322128851,
  "R@20": 0.9763305322128851,
  "MRR@10": 0.8701623982926465,
  "p50_ms": 1.8139169216156006,
  "p95_ms": 3.885800361633301
}