{
  "N": 10000,
  "R@1": 0.0129,
  "R@5": 0.4532,
  "R@10": 0.4908,
  "MRR@10": 0.17372460317460015,
  "p50_ms": 0.7233544965856709,
  "p95_ms": 0.8285083575174211
}