{
  "N": 1000,
  "R@1": 0.009,
  "R@5": 0.555,
  "R@10": 0.582,
  "MRR@10": 0.2021432539682544,
  "p50_ms": 1.1755215091397986,
  "p95_ms": 1.3336181538761593,
  "Contain@20": 0.668,
  "Contain@50": 0.766,
  "shard_gated_pct": 1.0,
  "shard_hit_rate": 0.766
}