{
  "num_samples": 1275,
  "mean_cosine": 0.49046310782432556,
  "std_cosine": 0.10963630676269531,
  "hit@1": 0.0,
  "hit@1_count": 0,
  "hit@5": 0.00392156862745098,
  "hit@5_count": 5,
  "hit@10": 0.00392156862745098,
  "hit@10_count": 5
}