{
  "N": 1000,
  "R@1": 0.01,
  "R@5": 0.519,
  "R@10": 0.543,
  "MRR@10": 0.19197658730158756,
  "p50_ms": 1.1474375060060993,
  "p95_ms": 2.1173934517719317,
  "Contain@20": 0.581,
  "Contain@50": 0.672,
  "K_mean": 50.462,
  "K_p50": 50.0,
  "K_p95": 61.049999999999955,
  "conf_mean": 0.7224219446778297
}