{
  "scenario": "baseline_direct",
  "N": 10000,
  "R@1": 0.0129,
  "R@5": 0.4532,
  "R@10": 0.4908,
  "R@20": 0.4908,
  "MRR@10": 0.17372460317460015,
  "p50_ms": 0.9088330268859863,
  "p95_ms": 0.9987951517105103
}