{
  "N": 200,
  "R@1": 0.01,
  "R@5": 0.495,
  "R@10": 0.52,
  "MRR@10": 0.18568650793650796,
  "p50_ms": 0.7367500074906275,
  "p95_ms": 0.8617788458650463
}