{
  "N": 10000,
  "R@1": 0.0125,
  "R@5": 0.3938,
  "R@10": 0.4918,
  "MRR@10": 0.16037873015872803,
  "p50_ms": 0.5279789984342642,
  "p95_ms": 0.6088360511057544,
  "Contain@20": 0.5094,
  "Contain@50": 0.6045
}