{
  "scenario": "ensemble_union_tr2",
  "N": 10000,
  "R@1": 0.0032,
  "R@5": 0.3476,
  "R@10": 0.3882,
  "R@20": 0.3882,
  "MRR@10": 0.1222925396825405,
  "p50_ms": 1.5482709407806396,
  "p95_ms": 1.7619725465774536
}