{
  "N": 10000,
  "R@1": 0.0129,
  "R@5": 0.4532,
  "R@10": 0.4908,
  "MRR@10": 0.17372460317460015,
  "p50_ms": 0.7287089974852279,
  "p95_ms": 0.8315934413985814,
  "Contain@20": 0.5094,
  "Contain@50": 0.6045
}