{
  "N": 7140,
  "R@1": 0.7875350140056022,
  "R@5": 0.9802521008403361,
  "R@10": 0.9822128851540616,
  "MRR@10": 0.8731844404428399,
  "p50_ms": 1.5939375000004752,
  "p95_ms": 3.8724104000005233,
  "Contain@20": 0.9687675070028011,
  "Contain@50": 0.9822128851540616,
  "macro": {
    "R@1": 0.5346293375056321,
    "R@5": 0.8026779472318509,
    "R@10": 0.814573920554204,
    "MRR@10": 0.6344818724855394,
    "pairs": 16
  }
}