{
  "N": 5244,
  "R@1": 0.0,
  "R@5": 0.0,
  "R@10": 0.0,
  "MRR@10": 0.0,
  "p50_ms": 0.9040000004461035,
  "p95_ms": 1.258172399866452,
  "Contain@20": 0.0,
  "Contain@50": 0.0
}