{
  "n_samples": 1000,
  "R@1": 0.0,
  "R@5": 0.0,
  "R@10": 0.0,
  "R@20": 0.0,
  "Contain@20": 0.0,
  "Contain@50": 0.0,
  "Eff@5": 0.0,
  "latency_mean_ms": 0.9986517429351807,
  "latency_p50_ms": 0.9829998016357422,
  "latency_p95_ms": 1.134073734283447,
  "latency_p99_ms": 1.3092565536499023,
  "checkpoint": "artifacts/lvm/models/mamba_s_poc/best.pt",
  "epoch": null,
  "limit": 1000,
  "val_cosine": 0.5748552680015564,
  "val_cosine_pred_target": 0.24957560002803802,
  "truth_payload_cos_mean": 1.0,
  "truth_payload_cos_p5": 0.9999995231628418,
  "gates_passed": [
    "\u2705 P95: 1.13ms \u2264 1.45ms"
  ],
  "gates_failed": [
    "\u274c Contain@50: 0.0% < 60%",
    "\u274c Eff@5: 0.0% < 68%",
    "\u274c R@5: 0.0% < 40%"
  ],
  "retrieval_knobs": {
    "nprobe": 64,
    "mmr_lambda": 0.7,
    "seq_bias_same": 0.05,
    "seq_bias_gap": 0.12,
    "directional": 0.03,
    "shard_assist": "false"
  }
}