{
  "n_samples": 1000,
  "R@1": 0.0,
  "R@5": 0.0,
  "R@10": 0.0,
  "R@20": 0.0,
  "Contain@20": 0.0,
  "Contain@50": 0.0,
  "Eff@5": 0.0,
  "latency_mean_ms": 0.9935944080352783,
  "latency_p50_ms": 0.9819269180297852,
  "latency_p95_ms": 1.0970234870910645,
  "latency_p99_ms": 1.1740422248840332,
  "checkpoint": "artifacts/lvm/models/mamba_s_contrastive/best.pt",
  "epoch": null,
  "limit": 1000,
  "val_cosine": 0.5148531981929888,
  "val_cosine_pred_target": 0.25569459795951843,
  "truth_payload_cos_mean": 1.0000001192092896,
  "truth_payload_cos_p5": 0.9999995231628418,
  "gates_passed": [
    "\u2705 P95: 1.10ms \u2264 1.45ms"
  ],
  "gates_failed": [
    "\u274c Contain@50: 0.0% < 60%",
    "\u274c Eff@5: 0.0% < 68%",
    "\u274c R@5: 0.0% < 40%"
  ],
  "retrieval_knobs": {
    "nprobe": 64,
    "mmr_lambda": 0.7,
    "seq_bias_same": 0.05,
    "seq_bias_gap": 0.12,
    "directional": 0.03,
    "shard_assist": "false"
  }
}