{
  "baseline": {
    "n_samples": 7145,
    "recall@1": 0.00013995801259622114,
    "recall@5": 0.001119664100769769,
    "recall@10": 0.002099370188943317,
    "mrr@10": 0.0005331178424250503,
    "latency_p50_ms": 33.12316699884832,
    "latency_p95_ms": 33.89478379976936,
    "latency_p99_ms": 35.42682699975557,
    "latency_mean_ms": 33.11126711577732,
    "use_reranking": false
  },
  "improved": {
    "n_samples": 7145,
    "recall@1": 0.00013995801259622114,
    "recall@5": 0.0016794961511546536,
    "recall@10": 0.0029391182645206438,
    "mrr@10": 0.0007814877758894555,
    "latency_p50_ms": 33.770165995520074,
    "latency_p95_ms": 34.544124800595455,
    "latency_p99_ms": 36.48929700022563,
    "latency_mean_ms": 33.85502957942031,
    "use_reranking": true
  },
  "lift": {
    "recall@1_pp": 0.0,
    "recall@5_pp": 0.05598320503848846,
    "recall@10_pp": 0.08397480755773269,
    "mrr@10": 0.0002483699334644052,
    "latency_p95_ms": 0.649341000826098
  }
}