{"epoch": 4, "step": 1200, "steps_total": 1233, "loss": 0.7398316860198975, "avg_loss": 0.9097989137944613, "negatives_per_sample": 3.96875}