{"epoch": 5, "step": 1200, "steps_total": 1233, "loss": 0.7315068244934082, "avg_loss": 0.6451032719987204, "negatives_per_sample": 5.94921875}