{
  "mean_score": 0.44671884179115295,
  "std_score": 0.03354579955339432,
  "min_score": 0.3440060615539551,
  "max_score": 0.6268178224563599
}